﻿<?xml version="1.0" encoding="UTF-8" standalone="yes"?>
<addon id="service.subtitles.zimuku"
       name="zimuku"
       version="2.0.2"
       provider-name="Exhen">
    <requires>
        <import addon="xbmc.python" version="3.0.0"/>
        <import addon="script.module.beautifulsoup4" version="4.6.2"/>
        <import addon="script.module.kodi-six"/>
        <import addon="vfs.rar" version="3.0.0"/>
        <import addon="script.module.requests" version="2.22.0"/>
    </requires>
    <extension point="xbmc.subtitle.module"
               library="service.py" />
    <extension point="xbmc.addon.metadata">
        <summary lang="en">zimuku subtitle</summary>
        <summary lang="zh">字幕库</summary>
        <description lang="en">Search and download subtitles from zmk.pw</description>
        <description lang="zh">从 zmk.pw 下载字幕</description>
        <platform>all</platform>
        <license>GNU GENERAL PUBLIC LICENSE. Version 2, June 1991</license>
        <assets>
            <icon>icon.png</icon>
            <clearlogo>logo.png</clearlogo>
            <screenshot>resources/media/screenshot_1.jpg</screenshot>
            <screenshot>resources/media/screenshot_2.jpg</screenshot>
            <screenshot>resources/media/screenshot_3.jpg</screenshot>
        </assets>
        <news>
V2.0.2 (2020-11-02)
- Update zmk.pw domain name.

V2.0.2 (2020-11-02)
- support .sup subtitle
- Change download url to fix download failure
- Fix: Correct rating score
- Ungrade: Use xmbc modules in kodi_six to take place.
- Fix: Support more compressed format
- Use requests to take the place of urllib2. Seems more reliable in getting page.
- Forbid 7z archive since chinese chars in filename in 7z archive may cause failure.

V2.0.1 (2020-04-18)
- Add screenshot

V2.0.0 (2020-04-14)
- Ported to python 3.0 for Kodi 19
        </news>
    </extension>
</addon>
